uniqueId,gebied,Deelgebied,DateTimeAmsterdam,PBmax,alfaB,Ek,Chlorofyl,Kd,conversionEtoC,PrimaireProductie_MgC_m2_dag,X,Y,Troebelheid,ChlorofylFluorescentie,Saliniteit,knmiStations,parReflectionCorrection
1611129903_1_MM_S,Markermeer,MarkermeerMidden,2021-01-20 08:47:03,3.08,0.037,83,12,6.1,5,43.34,156110,503028,44.3,3,NA,"Berkhout, Lelystad",0.94
1611131025_1_MM_S,Markermeer,MarkermeerMidden,2021-01-20 09:05:45,2.5,0.034,72,8.6,3.6,5,46.31,153373,507361,23.4,2.3,NA,"Berkhout, Lelystad",0.94
1611132148_1_MM_S,Markermeer,MarkermeerMidden,2021-01-20 09:24:28,2.37,0.036,66,9.4,5.3,5,34.5,150748,511999,37.6,3.13,NA,"Berkhout, Lelystad",0.94
1611133271_1_MM_S,Markermeer,MarkermeerMidden,2021-01-20 09:43:11,2.64,0.037,70,10.7,4.9,5,45.53,148557,516584,34.8,3.12,NA,"Berkhout, Lelystad",0.94
1611134494_1_MM_S,Markermeer,HoornseHop,2021-01-20 10:03:34,3.16,0.037,84,11.2,4.1,5,59.17,147066,520348,27.6,4.11,NA,"Berkhout, Lelystad",0.94
1611135616_1_MM_S,Markermeer,HoornseHop,2021-01-20 10:22:16,3.03,0.039,78,10.7,4.3,5,54.09,146967,519946,29.8,3.01,NA,"Berkhout, Lelystad",0.94
1611136739_1_MM_S,Markermeer,HoornseHop,2021-01-20 10:40:59,3.31,0.036,91,12,6.3,5,40.99,143875,516484,46.6,3.56,NA,"Berkhout, Lelystad",0.94
1611137862_1_MM_S,Markermeer,HoornseHop,2021-01-20 10:59:42,3.15,0.039,80,11.9,9,5,29.73,139794,513690,69,3.65,NA,"Berkhout, Lelystad",0.94
1611138986_1_MM_S,Markermeer,HoornseHop,2021-01-20 11:18:26,3.07,0.035,88,9.2,5,5,38.13,134890,513773,35.6,2.7,NA,"Berkhout, Lelystad",0.94
1611140108_1_MM_S,Markermeer,HoornseHop,2021-01-20 11:37:08,3.27,0.034,96,9,4.6,5,40.94,133048,513947,31.8,3.04,NA,"Berkhout, Lelystad",0.94
1611141231_1_MM_S,Markermeer,HoornseHop,2021-01-20 11:55:51,3.2,0.038,84,11.2,5.8,5,43.33,133384,511835,42,3.24,NA,"Berkhout, Lelystad",0.94
1611142354_1_MM_S,Markermeer,HoornseHop,2021-01-20 12:14:34,2.99,0.04,75,10.7,6.7,5,35.01,134482,507326,49.5,3.38,NA,"Berkhout, Lelystad",0.94
1611143476_1_MM_S,Markermeer,HoornseHop,2021-01-20 12:33:16,2.89,0.034,83,8.3,8.1,5,20.5,135396,502898,61.7,2.37,NA,"Berkhout, Lelystad",0.94
1611144599_1_MM_S,Markermeer,Gouwzee,2021-01-20 12:51:59,3.01,0.033,92,8,8.5,5,18.7,134491,498588,64.6,3.15,NA,"Berkhout, Lelystad",0.94
1611145722_1_MM_S,Markermeer,Gouwzee,2021-01-20 13:10:42,3.9,0.036,108,15.9,16.6,5,22.07,134468,497382,133,6.62,NA,"Berkhout, Lelystad",0.94
1611146844_1_MM_S,Markermeer,Gouwzee,2021-01-20 13:29:24,3.16,0.034,93,9.3,8,5,24.06,134532,499172,61,2.57,NA,"Berkhout, Lelystad",0.94
1611147967_1_MM_S,Markermeer,HoornseHop,2021-01-20 13:48:07,3.3,0.037,88,11.4,6.5,5,38.01,138018,501709,47.8,3.07,NA,"Berkhout, Lelystad",0.94
1611149090_1_MM_S,Markermeer,MarkermeerMidden,2021-01-20 14:06:50,3.11,0.034,91,10.2,5.5,5,38.89,143206,502202,39.7,2.82,NA,"Berkhout, Lelystad",0.94
1611150212_1_MM_S,Markermeer,MarkermeerMidden,2021-01-20 14:25:32,3,0.036,83,11.1,8.3,5,28.13,148495,502329,63.3,3.16,NA,"Berkhout, Lelystad",0.94
1611151335_1_MM_S,Markermeer,MarkermeerMidden,2021-01-20 14:44:15,3.07,0.037,82,10,6.4,5,32.96,153792,502142,47.4,2.81,NA,"Berkhout, Lelystad",0.94
1611219695_1_MM_S,Markermeer,Houtrib,2021-01-21 09:43:35,3.85,0.037,102,12.3,4.4,5,103.5,157536,510335,30.4,2.87,NA,"Berkhout, Lelystad",0.94
1611220818_1_MM_S,Markermeer,Houtrib,2021-01-21 10:02:18,3.52,0.038,93,11.7,4.4,5,94.74,157536,510335,30.4,2.87,NA,"Berkhout, Lelystad",0.94
1611221941_1_MM_S,Markermeer,Houtrib,2021-01-21 10:21:01,3.11,0.038,81,10.8,4,5,91.66,156443,513178,27.3,2.62,NA,"Berkhout, Lelystad",0.94
1611223064_1_MM_S,Markermeer,Houtrib,2021-01-21 10:39:44,3.05,0.034,88,9.2,5,5,59.25,152134,514534,35.3,2.54,NA,"Berkhout, Lelystad",0.94
1611224187_1_MM_S,Markermeer,MarkermeerMidden,2021-01-21 10:58:27,3.3,0.035,94,10.9,5.7,5,65.53,148784,510961,41.1,3.11,NA,"Berkhout, Lelystad",0.94
1611225310_1_MM_S,Markermeer,MarkermeerMidden,2021-01-21 11:17:10,3.64,0.036,102,11.9,6.8,5,60.75,145667,507126,50.6,3.55,NA,"Berkhout, Lelystad",0.94
1611226433_1_MM_S,Markermeer,MarkermeerMidden,2021-01-21 11:35:53,3.37,0.035,96,10.9,6.5,5,57.52,143620,504388,48.1,3.96,NA,"Berkhout, Lelystad",0.94
1611227556_1_MM_S,Markermeer,MarkermeerMidden,2021-01-21 11:54:36,3.39,0.035,97,11.1,7,5,54.21,143672,504429,52.4,4.17,NA,"Berkhout, Lelystad",0.94
1611228679_1_MM_S,Markermeer,MarkermeerMidden,2021-01-21 12:13:19,3.35,0.035,95,11.2,7,5,55.08,143674,504448,51.9,4.11,NA,"Berkhout, Lelystad",0.94
1611229801_1_MM_S,Markermeer,MarkermeerMidden,2021-01-21 12:32:01,3.62,0.038,96,11.2,7,5,57.1,143674,504448,51.9,4.11,NA,"Berkhout, Lelystad",0.94
1611230924_1_MM_S,Markermeer,MarkermeerMidden,2021-01-21 12:50:44,3.73,0.036,104,11.2,7.2,5,55.19,144303,504345,54,3.32,NA,"Berkhout, Lelystad",0.94
1611232046_1_MM_S,Markermeer,MarkermeerMidden,2021-01-21 13:09:26,3.82,0.035,108,11.3,7.1,5,57.61,144660,504235,53,3.22,NA,"Berkhout, Lelystad",0.94
1611233169_1_MM_S,Markermeer,MarkermeerMidden,2021-01-21 13:28:09,3.94,0.034,117,11.8,8,5,52.48,149099,502849,60.5,3.19,NA,"Berkhout, Lelystad",0.94
1614153824_1_MM_S,Markermeer,Houtrib,2021-02-24 08:45:44,6.77,0.031,216,5.3,2.1,5,201.41,157123,506715,10.8,1.74,NA,"Berkhout, Lelystad",0.94
1614154946_1_MM_S,Markermeer,Houtrib,2021-02-24 09:04:26,6.45,0.035,183,5.6,2.2,5,201.06,157531,509998,11.9,2.12,NA,"Berkhout, Lelystad",0.94
1614156069_1_MM_S,Markermeer,NA,2021-02-24 09:23:09,6.67,0.039,172,5.8,2.2,5,215.93,NA,NA,11.8,1.97,NA,"Berkhout, Lelystad",0.94
1614157193_1_MM_S,Markermeer,NA,2021-02-24 09:41:53,6.12,0.033,183,5.3,2.8,5,146.19,NA,NA,16.9,1.59,NA,"Berkhout, Lelystad",0.94
1614158619_1_MM_S,Markermeer,NA,2021-02-24 10:05:39,7.01,0.041,170,9.6,3.2,5,268.15,NA,NA,20.1,2.82,NA,"Berkhout, Lelystad",0.94
1614159742_1_MM_S,Markermeer,NA,2021-02-24 10:24:22,7.85,0.039,198,10.5,3.3,5,289.41,NA,NA,20.9,3.22,NA,"Berkhout, Lelystad",0.94
1614160865_1_MM_S,Markermeer,NA,2021-02-24 10:43:05,9.14,0.036,250,9.7,2.4,5,377.83,NA,NA,13.3,3.23,NA,"Berkhout, Lelystad",0.94
1614161988_1_MM_S,Markermeer,MarkermeerMidden,2021-02-24 11:01:48,8.35,0.038,217,9.8,2.6,5,345.07,143978,504309,15.2,3.44,NA,"Berkhout, Lelystad",0.94
1614163111_1_MM_S,Markermeer,MarkermeerMidden,2021-02-24 11:20:31,8.26,0.037,221,9.2,3.1,5,272.73,148308,503674,18.9,2.97,NA,"Berkhout, Lelystad",0.94
1614238395_1_MM_S,Markermeer,MarkermeerMidden,2021-02-25 08:21:15,4.18,0.021,203,5.1,2.4,5,118.56,153784,508415,NA,NA,NA,"Berkhout, Lelystad",0.94
1614240557_1_MM_S,Markermeer,MarkermeerMidden,2021-02-25 08:51:17,6.24,0.03,205,6.8,2.1,5,225.87,150617,513419,NA,NA,NA,"Berkhout, Lelystad",0.94
1614241679_1_MM_S,Markermeer,MarkermeerMidden,2021-02-25 09:09:59,6.58,0.032,202,7.3,2.2,5,232.53,148434,517909,NA,NA,NA,"Berkhout, Lelystad",0.94
1614242802_1_MM_S,Markermeer,HoornseHop,2021-02-25 09:28:42,6.64,0.029,226,7.8,2.2,5,262.44,147124,520534,NA,NA,NA,"Berkhout, Lelystad",0.94
1614243925_1_MM_S,Markermeer,HoornseHop,2021-02-25 09:47:25,7.17,0.026,274,6.5,2.2,5,211.05,144520,518112,NA,NA,NA,"Berkhout, Lelystad",0.94
1614245048_1_MM_S,Markermeer,HoornseHop,2021-02-25 10:06:08,7.37,0.029,256,7,2.4,5,216.36,140429,515353,NA,NA,NA,"Berkhout, Lelystad",0.94
1614246224_1_MM_S,Markermeer,HoornseHop,2021-02-25 10:25:44,5.75,0.019,307,4.1,1.7,5,122.81,135252,514269,NA,NA,NA,"Berkhout, Lelystad",0.94
1614247347_1_MM_S,Markermeer,HoornseHop,2021-02-25 10:44:27,6.67,0.012,556,3.4,1.2,5,107.08,132950,513955,NA,NA,NA,"Berkhout, Lelystad",0.94
1614248519_1_MM_S,Markermeer,HoornseHop,2021-02-25 11:03:59,1.61,0.006,291,2.7,0.9,5,44.14,133715,510592,NA,NA,NA,"Berkhout, Lelystad",0.94
1614249642_1_MM_S,Markermeer,HoornseHop,2021-02-25 11:22:42,4.5,0.014,319,3.5,0.9,5,152.98,134696,505849,NA,NA,NA,"Berkhout, Lelystad",0.94
1614253092_1_MM_S,Markermeer,Gouwzee,2021-02-25 12:20:12,6.71,0.024,276,5.9,2.1,5,191.89,134455,497203,NA,NA,NA,"Berkhout, Lelystad",0.94
1614254360_1_MM_S,Markermeer,Gouwzee,2021-02-25 12:41:20,8.37,0.027,315,6,2.2,5,188.86,134512,498295,NA,NA,NA,"Berkhout, Lelystad",0.94
1614255534_1_MM_S,Markermeer,HoornseHop,2021-02-25 13:00:54,3.61,0.009,412,3.3,1.1,5,92.96,137615,500597,NA,NA,NA,"Berkhout, Lelystad",0.94
1614256708_1_MM_S,Markermeer,MarkermeerMidden,2021-02-25 13:20:28,6.89,0.028,242,7.3,1.8,5,287.82,142990,501055,NA,NA,NA,"Berkhout, Lelystad",0.94
1614257882_1_MM_S,Markermeer,MarkermeerMidden,2021-02-25 13:40:02,6,0.025,241,5.7,1.7,5,203.37,148518,501508,NA,NA,NA,"Berkhout, Lelystad",0.94
1615966943_1_MM_S,Markermeer,MarkermeerMidden,2021-03-17 08:24:23,5.62,0.042,134,21.2,5.9,5,310.31,155800,504196,42.9,5.88,NA,"Berkhout, Lelystad",0.94
1615968066_1_MM_S,Markermeer,MarkermeerMidden,2021-03-17 08:43:06,4.82,0.04,120,15.4,3.6,5,340.57,153507,508918,23.2,4.56,NA,"Berkhout, Lelystad",0.94
1615969189_1_MM_S,Markermeer,MarkermeerMidden,2021-03-17 09:01:49,4.34,0.042,102,16.8,4.6,5,279.6,151264,513647,32,4.82,NA,"Berkhout, Lelystad",0.94
1615970363_1_MM_S,Markermeer,MarkermeerMidden,2021-03-17 09:21:23,4.44,0.04,109,12,3.5,5,255.27,148577,517932,22.6,3.19,NA,"Berkhout, Lelystad",0.94
1615971485_1_MM_S,Markermeer,HoornseHop,2021-03-17 09:40:05,4.7,0.036,130,9,2.5,5,263.5,147221,520543,14.1,2.43,NA,"Berkhout, Lelystad",0.94
1615973205_1_MM_S,Markermeer,HoornseHop,2021-03-17 10:08:45,4.79,0.04,118,11.2,3,5,281.96,145606,518333,18.8,2.89,NA,"Berkhout, Lelystad",0.94
1615974328_1_MM_S,Markermeer,HoornseHop,2021-03-17 10:27:28,4.73,0.041,114,12.2,3.7,5,254.64,141774,515114,24.4,3.46,NA,"Berkhout, Lelystad",0.94
1615975451_1_MM_S,Markermeer,HoornseHop,2021-03-17 10:46:11,4.67,0.042,110,10.9,3.6,5,237.02,136705,514133,23.1,2.98,NA,"Berkhout, Lelystad",0.94
1615976574_1_MM_S,Markermeer,HoornseHop,2021-03-17 11:04:54,4.9,0.039,125,10.6,2.8,5,290.07,133009,513965,16.8,3.68,NA,"Berkhout, Lelystad",0.94
1615978731_1_MM_S,Markermeer,HoornseHop,2021-03-17 11:40:51,4.73,0.042,113,11,2.9,5,288.7,133011,513984,17.6,3.72,NA,"Berkhout, Lelystad",0.94
1615979853_1_MM_S,Markermeer,HoornseHop,2021-03-17 11:59:33,5.48,0.039,139,15.7,4.8,5,268.54,133436,509487,33.8,5.43,NA,"Berkhout, Lelystad",0.94
1615980976_1_MM_S,Markermeer,HoornseHop,2021-03-17 12:18:16,5.47,0.042,130,16,5.8,5,228.67,134661,504899,42.3,4.87,NA,"Berkhout, Lelystad",0.94
1615982098_1_MM_S,Markermeer,HoornseHop,2021-03-17 12:36:58,5.86,0.041,142,13.4,6.3,5,178.87,135015,500399,46.7,4.46,NA,"Berkhout, Lelystad",0.94
1615983318_1_MM_S,Markermeer,Gouwzee,2021-03-17 12:57:18,6.48,0.043,150,22.3,10,5,202.21,134490,497145,77.2,8.08,NA,"Berkhout, Lelystad",0.94
1615984441_1_MM_S,Markermeer,Gouwzee,2021-03-17 13:16:01,5.82,0.04,144,15.6,6.3,5,208.67,134509,498642,46.5,4.63,NA,"Berkhout, Lelystad",0.94
1615985615_1_MM_S,Markermeer,HoornseHop,2021-03-17 13:35:35,5.55,0.042,132,13.1,6,5,183.46,137806,500956,43.4,3.84,NA,"Berkhout, Lelystad",0.94
1615986738_1_MM_S,Markermeer,MarkermeerMidden,2021-03-17 13:54:18,6.38,0.039,163,14.9,6.6,5,192.33,142956,501326,49.2,4.64,NA,"Berkhout, Lelystad",0.94
1615987861_1_MM_S,Markermeer,MarkermeerMidden,2021-03-17 14:13:01,5.7,0.04,142,14.9,6.1,5,202.35,148285,501747,44.6,4.56,NA,"Berkhout, Lelystad",0.94
1615988984_1_MM_S,Markermeer,MarkermeerMidden,2021-03-17 14:31:44,5.76,0.037,154,11.2,5.1,5,175.94,153632,502060,36.4,3.22,NA,"Berkhout, Lelystad",0.94
1616053627_1_MM_S,Markermeer,Houtrib,2021-03-18 08:29:07,4.62,0.043,107,13.1,3.4,5,318.52,157471,509720,21.5,4.87,NA,"Berkhout, Lelystad",0.94
1616054750_1_MM_S,Markermeer,Houtrib,2021-03-18 08:47:50,4.71,0.041,114,13.2,3.3,5,323.37,157525,509939,21.1,5.33,NA,"Berkhout, Lelystad",0.94
1616055872_1_MM_S,Markermeer,Houtrib,2021-03-18 09:06:32,4.86,0.039,123,11.6,3.2,5,296.63,157458,509970,20.2,4.27,NA,"Berkhout, Lelystad",0.94
1616056995_1_MM_S,Markermeer,Houtrib,2021-03-18 09:25:15,4.79,0.045,106,12.9,3.2,5,340.03,157392,510050,19.8,4.14,NA,"Berkhout, Lelystad",0.94
1616058118_1_MM_S,Markermeer,Houtrib,2021-03-18 09:43:58,4.94,0.041,121,12.5,3.4,5,299.93,154123,513322,21.6,4.08,NA,"Berkhout, Lelystad",0.94
1616059241_1_MM_S,Markermeer,MarkermeerMidden,2021-03-18 10:02:41,4.5,0.041,110,13.1,3.3,5,321.78,150482,509665,20.8,4.32,NA,"Berkhout, Lelystad",0.94
1616060364_1_MM_S,Markermeer,MarkermeerMidden,2021-03-18 10:21:24,4.75,0.043,110,14.5,3.6,5,330.6,146491,506080,23.4,4.98,NA,"Berkhout, Lelystad",0.94
1616061487_1_MM_S,Markermeer,MarkermeerMidden,2021-03-18 10:40:07,5.28,0.037,142,11,3.8,5,244.16,143541,504347,25,4.82,NA,"Berkhout, Lelystad",0.94
1616062610_1_MM_S,Markermeer,MarkermeerMidden,2021-03-18 10:58:50,5.06,0.04,125,10.9,3.7,5,243.84,143553,504379,24.6,3.29,NA,"Berkhout, Lelystad",0.94
1616063733_1_MM_S,Markermeer,MarkermeerMidden,2021-03-18 11:17:33,5.26,0.042,126,10.7,3.8,5,230.54,143552,504356,25.3,4.38,NA,"Berkhout, Lelystad",0.94
1616064856_1_MM_S,Markermeer,MarkermeerMidden,2021-03-18 11:36:16,5.57,0.041,136,11.7,4.3,5,228.9,148356,503625,29.6,3.99,NA,"Berkhout, Lelystad",0.94
1616065979_1_MM_S,Markermeer,MarkermeerMidden,2021-03-18 11:54:59,5.98,0.04,150,12.4,3.8,5,291,153666,502899,25,3.76,NA,"Berkhout, Lelystad",0.94
1618468968_1_MM_S,Markermeer,MarkermeerMidden,2021-04-15 08:24:48,3.67,0.04,91,6.6,2.9,5,224.76,156794,503505,18,2.83,NA,"Berkhout, Lelystad",0.94
1618470406_1_MM_S,Markermeer,MarkermeerMidden,2021-04-15 08:48:46,3.98,0.037,107,9.5,2.8,5,375.95,156999,505830,16.5,2.52,NA,"Berkhout, Lelystad",0.94
1618471529_1_MM_S,Markermeer,Houtrib,2021-04-15 09:07:29,3.88,0.037,105,8.5,2.6,5,342.16,156709,510220,15.4,2.3,NA,"Berkhout, Lelystad",0.94
1618472652_1_MM_S,Markermeer,Houtrib,2021-04-15 09:26:12,4.19,0.036,115,8.7,2.8,5,350.29,157489,510032,16.5,2.95,NA,"Berkhout, Lelystad",0.94
1618473775_1_MM_S,Markermeer,Houtrib,2021-04-15 09:44:55,4.33,0.035,122,8.4,2.8,5,332.87,157484,510030,17.1,2.94,NA,"Berkhout, Lelystad",0.94
1618474897_1_MM_S,Markermeer,Houtrib,2021-04-15 10:03:37,3.97,0.037,105,8.4,2.6,5,346.89,157123,510403,15.3,2.03,NA,"Berkhout, Lelystad",0.94
1618476021_1_MM_S,Markermeer,Houtrib,2021-04-15 10:22:21,4.4,0.034,131,8.5,2.7,5,352.51,153835,513499,15.7,2.03,NA,"Berkhout, Lelystad",0.94
1618477143_1_MM_S,Markermeer,MarkermeerMidden,2021-04-15 10:41:03,4.21,0.035,118,7.7,2.3,5,358.83,149761,510121,12.9,1.77,NA,"Berkhout, Lelystad",0.94
1618478266_1_MM_S,Markermeer,MarkermeerMidden,2021-04-15 10:59:46,4.54,0.041,111,9.5,3.3,5,338.26,145708,506606,20.9,2.67,NA,"Berkhout, Lelystad",0.94
1618479487_1_MM_S,Markermeer,MarkermeerMidden,2021-04-15 11:20:07,4.58,0.041,112,13.5,3.8,5,435.75,143621,504336,24.9,4.59,NA,"Berkhout, Lelystad",0.94
1618480610_1_MM_S,Markermeer,MarkermeerMidden,2021-04-15 11:38:50,4.76,0.04,120,13.3,3.7,5,449.39,143594,504371,24,4.78,NA,"Berkhout, Lelystad",0.94
1618481733_1_MM_S,Markermeer,MarkermeerMidden,2021-04-15 11:57:33,4.87,0.039,123,13.2,3.6,5,452.43,143604,504383,23.8,4.38,NA,"Berkhout, Lelystad",0.94
1618482856_1_MM_S,Markermeer,MarkermeerMidden,2021-04-15 12:16:16,4.51,0.04,112,12.7,3.6,5,419.18,143604,504383,23.8,4.38,NA,"Berkhout, Lelystad",0.94
1618483979_1_MM_S,Markermeer,MarkermeerMidden,2021-04-15 12:34:59,4.73,0.041,116,12.6,3.5,5,441.07,143606,504337,22.7,4.17,NA,"Berkhout, Lelystad",0.94
1618485102_1_MM_S,Markermeer,MarkermeerMidden,2021-04-15 12:53:42,4.58,0.038,121,12.4,3.5,5,428.11,143606,504337,22.7,4.17,NA,"Berkhout, Lelystad",0.94
1618486225_1_MM_S,Markermeer,MarkermeerMidden,2021-04-15 13:12:25,5.04,0.037,136,11.2,3.4,5,395.65,146256,503596,22.1,3.01,NA,"Berkhout, Lelystad",0.94
1618487348_1_MM_S,Markermeer,MarkermeerMidden,2021-04-15 13:31:08,4.88,0.038,128,9.5,3.1,5,375.76,151183,501515,19.1,2.68,NA,"Berkhout, Lelystad",0.94
1626940198_1_MM_S,Markermeer,MarkermeerMidden,2021-07-22 09:31:58,9.64,0.035,277,5.5,1.4,5,813.24,154843,503696,4.7,1.12,NA,"Berkhout, Lelystad",0.94
1626943508_1_MM_S,Markermeer,MarkermeerMidden,2021-07-22 10:27:08,7.88,0.026,299,3.4,1.4,5,429.96,150563,504444,4.6,0.62,NA,"Berkhout, Lelystad",0.94
1626944631_1_MM_S,Markermeer,MarkermeerMidden,2021-07-22 10:45:51,9.59,0.03,319,3.9,1.3,5,546.52,147564,501544,4.3,0.75,NA,"Berkhout, Lelystad",0.94
1626947234_1_MM_S,Markermeer,MarkermeerMidden,2021-07-22 11:29:14,8.03,0.028,292,4,1.3,5,556.33,147044,501283,4.3,0.67,NA,"Berkhout, Lelystad",0.94
1626948406_1_MM_S,Markermeer,MarkermeerMidden,2021-07-22 11:48:46,10.84,0.028,384,3.7,1.3,5,619.81,143600,504410,4.2,0.64,NA,"Berkhout, Lelystad",0.94
1626949637_1_MM_S,Markermeer,MarkermeerMidden,2021-07-22 12:09:17,10.01,0.028,361,4.1,1.4,5,636.62,142580,503714,4.6,0.57,NA,"Berkhout, Lelystad",0.94
1626953399_1_MM_S,Markermeer,MarkermeerMidden,2021-07-22 13:11:59,10.74,0.03,362,4.8,1.5,5,620.05,139142,502853,6,0.66,NA,"Berkhout, Lelystad",0.94
1626954522_1_MM_S,Markermeer,HoornseHop,2021-07-22 13:30:42,10.92,0.029,377,3.9,1.3,5,633.76,137596,507028,4.4,0.54,NA,"Berkhout, Lelystad",0.94
1626955645_1_MM_S,Markermeer,HoornseHop,2021-07-22 13:49:25,13.51,0.028,479,3.3,1.3,5,557.23,135890,511431,4.1,0.48,NA,"Berkhout, Lelystad",0.94
1626957338_1_MM_S,Markermeer,HoornseHop,2021-07-22 14:17:38,10.68,0.019,574,2.6,1.3,5,317.38,135478,513054,3.8,0.42,NA,"Berkhout, Lelystad",0.94
1626958461_1_MM_S,Markermeer,HoornseHop,2021-07-22 14:36:21,13.98,0.026,531,2.9,1.3,5,486.81,139728,513264,4,0.49,NA,"Berkhout, Lelystad",0.94
1626959584_1_MM_S,Markermeer,MarkermeerMidden,2021-07-22 14:55:04,12.6,0.023,558,2.9,1.3,5,438.09,143996,513464,3.7,0.55,NA,"Berkhout, Lelystad",0.94
1626960676_1_MM_S,Markermeer,MarkermeerMidden,2021-07-22 15:13:16,6.54,0.015,437,2,1.1,5,243.35,148126,513736,2.2,0.33,NA,"Berkhout, Lelystad",0.94
1626961849_1_MM_S,Markermeer,Houtrib,2021-07-22 15:32:49,11.3,0.02,553,2.7,1.2,5,375.25,152571,514040,3.2,0.49,NA,"Berkhout, Lelystad",0.94
1626962891_1_MM_S,Markermeer,Houtrib,2021-07-22 15:50:11,9.1,0.021,423,4.1,1.6,5,502.58,152847,514061,6.9,0.9,NA,"Berkhout, Lelystad",0.94
1628059896_1_MM_S,Markermeer,MarkermeerMidden,2021-08-04 08:33:36,7.11,0.03,233,4.4,1.3,5,545.91,156560,503666,NA,NA,NA,"Berkhout, Lelystad",0.94
1628061019_1_MM_S,Markermeer,MarkermeerMidden,2021-08-04 08:52:19,7.88,0.032,242,3.4,1.2,5,449.03,154537,507977,NA,NA,NA,"Berkhout, Lelystad",0.94
1628062191_1_MM_S,Markermeer,MarkermeerMidden,2021-08-04 09:11:51,6.86,0.028,249,3,1,5,418.63,152069,512227,NA,NA,NA,"Berkhout, Lelystad",0.94
1628063314_1_MM_S,Markermeer,MarkermeerMidden,2021-08-04 09:30:34,6.31,0.024,267,2.5,1.1,5,285.05,149230,515969,NA,NA,NA,"Berkhout, Lelystad",0.94
1628065077_1_MM_S,Markermeer,HoornseHop,2021-08-04 09:59:57,8.44,0.033,257,4.9,1.8,5,499.59,147079,520488,NA,NA,NA,"Berkhout, Lelystad",0.94
1628066200_1_MM_S,Markermeer,HoornseHop,2021-08-04 10:18:40,7.69,0.026,295,3.8,1.3,5,446.08,144383,517953,NA,NA,NA,"Berkhout, Lelystad",0.94
1628067323_1_MM_S,Markermeer,HoornseHop,2021-08-04 10:37:23,8.34,0.028,299,3.7,1.4,5,423.09,140490,515389,NA,NA,NA,"Berkhout, Lelystad",0.94
1628068446_1_MM_S,Markermeer,HoornseHop,2021-08-04 10:56:06,11.63,0.025,474,3.9,1.4,5,479.43,136073,514256,NA,NA,NA,"Berkhout, Lelystad",0.94
1628069618_1_MM_S,Markermeer,HoornseHop,2021-08-04 11:15:38,7.41,0.023,324,2.9,0.6,5,658,132743,513952,NA,NA,NA,"Berkhout, Lelystad",0.94
1628070741_1_MM_S,Markermeer,HoornseHop,2021-08-04 11:34:21,9.38,0.023,399,3,0.6,5,650.13,132753,513953,NA,NA,NA,"Berkhout, Lelystad",0.94
1628071864_1_MM_S,Markermeer,HoornseHop,2021-08-04 11:53:04,8.04,0.023,344,3.4,1.3,5,419.01,133494,510809,NA,NA,NA,"Berkhout, Lelystad",0.94
1628072905_1_MM_S,Markermeer,HoornseHop,2021-08-04 12:10:25,7.77,0.021,368,4.1,1.5,5,416.96,134107,507016,NA,NA,NA,"Berkhout, Lelystad",0.94
1628074078_1_MM_S,Markermeer,HoornseHop,2021-08-04 12:29:58,9.72,0.032,299,5,1.6,5,580.48,134992,502840,NA,NA,NA,"Berkhout, Lelystad",0.94
1628075201_1_MM_S,Markermeer,Gouwzee,2021-08-04 12:48:41,11.31,0.031,366,7.1,1.6,5,789.18,134341,499116,NA,NA,NA,"Berkhout, Lelystad",0.94
1628076324_1_MM_S,Markermeer,Gouwzee,2021-08-04 13:07:24,9.74,0.031,314,4.4,0.9,5,923.47,134261,497182,NA,NA,NA,"Berkhout, Lelystad",0.94
1628077447_1_MM_S,Markermeer,HoornseHop,2021-08-04 13:26:07,7.71,0.03,257,5.1,1.3,5,661.65,135397,500346,NA,NA,NA,"Berkhout, Lelystad",0.94
1628078570_1_MM_S,Markermeer,MarkermeerMidden,2021-08-04 13:44:50,9.65,0.03,324,4.1,1.2,5,625.09,139662,500675,NA,NA,NA,"Berkhout, Lelystad",0.94
1628079744_1_MM_S,Markermeer,MarkermeerMidden,2021-08-04 14:04:24,7.12,0.023,312,3.2,0.9,5,501.37,144372,500922,NA,NA,NA,"Berkhout, Lelystad",0.94
1628080867_1_MM_S,Markermeer,MarkermeerMidden,2021-08-04 14:23:07,9.91,0.028,349,3.2,1,5,505.82,148911,501284,NA,NA,NA,"Berkhout, Lelystad",0.94
1628081990_1_MM_S,Markermeer,MarkermeerMidden,2021-08-04 14:41:50,8.95,0.024,371,3.8,1.2,5,553.13,153437,501841,NA,NA,NA,"Berkhout, Lelystad",0.94
1628146103_1_MM_S,Markermeer,MarkermeerMidden,2021-08-05 08:30:23,7.2,0.027,271,4,1.3,5,454.46,156892,504551,4.4,0.86,NA,"Berkhout, Lelystad",0.94
1628147226_1_MM_S,Markermeer,Houtrib,2021-08-05 08:49:06,6.9,0.027,258,3.6,1.3,5,398.69,157491,509318,4.3,0.74,NA,"Berkhout, Lelystad",0.94
1628148349_1_MM_S,Markermeer,Houtrib,2021-08-05 09:07:49,7.07,0.026,272,3.7,1.4,5,363.1,157569,509985,4.9,0.9,NA,"Berkhout, Lelystad",0.94
1628149472_1_MM_S,Markermeer,Houtrib,2021-08-05 09:26:32,9.99,0.027,375,3.6,1.3,5,412.46,157580,509983,4.3,0.89,NA,"Berkhout, Lelystad",0.94
1628150595_1_MM_S,Markermeer,Houtrib,2021-08-05 09:45:15,9.27,0.031,299,3.6,1.4,5,407.01,157018,511852,5,0.78,NA,"Berkhout, Lelystad",0.94
1628151718_1_MM_S,Markermeer,Houtrib,2021-08-05 10:03:58,9.4,0.026,364,3.5,1.2,5,415.25,153394,513245,3.4,0.6,NA,"Berkhout, Lelystad",0.94
1628152892_1_MM_S,Markermeer,MarkermeerMidden,2021-08-05 10:23:32,7.61,0.024,315,3,1.1,5,363.96,149694,510056,2.7,0.51,NA,"Berkhout, Lelystad",0.94
1628154015_1_MM_S,Markermeer,MarkermeerMidden,2021-08-05 10:42:15,7.67,0.026,294,3.2,1.1,5,409.48,146264,506842,2.8,0.48,NA,"Berkhout, Lelystad",0.94
1628155138_1_MM_S,Markermeer,MarkermeerMidden,2021-08-05 11:00:58,7.01,0.024,289,3.4,1.1,5,447.96,143545,504363,2.5,0.49,NA,"Berkhout, Lelystad",0.94
1628156261_1_MM_S,Markermeer,MarkermeerMidden,2021-08-05 11:19:41,9.44,0.029,322,3.3,1.1,5,467.28,143545,504363,2.5,0.49,NA,"Berkhout, Lelystad",0.94
1628157383_1_MM_S,Markermeer,MarkermeerMidden,2021-08-05 11:38:23,7.29,0.021,345,3.4,1.1,5,431.59,143545,504363,2.5,0.49,NA,"Berkhout, Lelystad",0.94
1628160746_1_MM_S,Markermeer,MarkermeerMidden,2021-08-05 12:34:26,9.61,0.027,360,3.2,1.1,5,413.1,143528,504349,2.8,0.82,NA,"Berkhout, Lelystad",0.94
1628161869_1_MM_S,Markermeer,MarkermeerMidden,2021-08-05 12:53:09,7.39,0.028,263,3.3,1.1,5,414.45,143528,504349,2.8,0.82,NA,"Berkhout, Lelystad",0.94
1628162992_1_MM_S,Markermeer,MarkermeerMidden,2021-08-05 13:11:52,7.14,0.03,241,3.5,1.1,5,440.2,143528,504349,2.8,0.82,NA,"Berkhout, Lelystad",0.94
1628164115_1_MM_S,Markermeer,MarkermeerMidden,2021-08-05 13:30:35,7.16,0.025,286,3.4,1.1,5,429.1,143528,504349,2.8,0.82,NA,"Berkhout, Lelystad",0.94
1628165238_1_MM_S,Markermeer,MarkermeerMidden,2021-08-05 13:49:18,7.56,0.021,363,3.1,1.1,5,394.32,145832,503518,2.6,0.59,NA,"Berkhout, Lelystad",0.94
1628166360_1_MM_S,Markermeer,MarkermeerMidden,2021-08-05 14:08:00,6.82,0.02,337,3,1.1,5,360.77,150285,502013,2.8,0.66,NA,"Berkhout, Lelystad",0.94
1630307435_1_MM_S,Markermeer,MarkermeerMidden,2021-08-30 08:52:35,4.83,0.032,150,4.1,1.3,5,281.06,156967,502718,4.2,0.72,NA,"Berkhout, Lelystad",0.94
1630308612_1_MM_S,Markermeer,MarkermeerMidden,2021-08-30 09:12:12,3.82,0.022,171,2.9,1.3,5,159.1,156967,502718,4.2,0.72,NA,"Berkhout, Lelystad",0.94
1630309736_1_MM_S,Markermeer,MarkermeerMidden,2021-08-30 09:30:56,3.88,0.025,157,2.9,1.3,5,153.18,156967,502718,4.2,0.72,NA,"Berkhout, Lelystad",0.94
1630310859_1_MM_S,Markermeer,MarkermeerMidden,2021-08-30 09:49:39,4.84,0.021,229,2.6,1.3,5,131.81,156967,502718,4.2,0.72,NA,"Berkhout, Lelystad",0.94
1630311982_1_MM_S,Markermeer,MarkermeerMidden,2021-08-30 10:08:22,4.09,0.022,185,2.4,1.3,5,121.29,156967,502718,3.7,0.68,NA,"Berkhout, Lelystad",0.94
1630313105_1_MM_S,Markermeer,MarkermeerMidden,2021-08-30 10:27:05,4.45,0.022,198,2.5,1.3,5,140.3,156967,502718,4,0.61,NA,"Berkhout, Lelystad",0.94
1630314228_1_MM_S,Markermeer,MarkermeerMidden,2021-08-30 10:45:48,4.1,0.019,212,2.4,1.3,5,124.02,156967,502718,4.1,0.62,NA,"Berkhout, Lelystad",0.94
1630315351_1_MM_S,Markermeer,MarkermeerMidden,2021-08-30 11:04:31,4.04,0.023,175,2.7,1.5,5,136.96,156472,503852,5.4,0.73,NA,"Berkhout, Lelystad",0.94
1630316474_1_MM_S,Markermeer,MarkermeerMidden,2021-08-30 11:23:14,5.85,0.018,333,2.6,1.3,5,145.65,154328,508296,4.5,0.7,NA,"Berkhout, Lelystad",0.94
1630317647_1_MM_S,Markermeer,MarkermeerMidden,2021-08-30 11:42:47,2.51,0.011,236,1.8,1.1,5,72.98,152599,510941,2.3,0.62,NA,"Berkhout, Lelystad",0.94
1630318512_1_MM_S,Markermeer,MarkermeerMidden,2021-08-30 12:00:12,1.88,0.01,183,1.7,1.1,5,55.14,148416,517041,2.3,0.58,NA,"Berkhout, Lelystad",0.94
1630319607_1_MM_S,Markermeer,HoornseHop,2021-08-30 12:15:27,3.21,0.017,185,2.3,1.3,5,111.19,147154,519405,3.9,0.56,NA,"Berkhout, Lelystad",0.94
1630320781_1_MM_S,Markermeer,HoornseHop,2021-08-30 12:35:01,5.36,0.031,174,4,2.2,5,174.32,143300,517150,12.1,1.19,NA,"Berkhout, Lelystad",0.94
1630321904_1_MM_S,Markermeer,HoornseHop,2021-08-30 12:53:44,6.23,0.037,169,4.7,3,5,162.31,140632,515467,18.7,1.78,NA,"Berkhout, Lelystad",0.94
1630323027_1_MM_S,Markermeer,HoornseHop,2021-08-30 13:12:27,6.97,0.03,233,4.5,2.8,5,174.8,138143,514416,16.6,1.96,NA,"Berkhout, Lelystad",0.94
1630324150_1_MM_S,Markermeer,HoornseHop,2021-08-30 13:31:10,8.21,0.029,284,3.7,1.5,5,254.67,134567,514144,5.6,0.92,NA,"Berkhout, Lelystad",0.94
1630325273_1_MM_S,Markermeer,HoornseHop,2021-08-30 13:49:53,6.32,0.033,190,5.2,2.1,5,283.45,132726,513970,10.5,1.15,NA,"Berkhout, Lelystad",0.94
1630326396_1_MM_S,Markermeer,HoornseHop,2021-08-30 14:08:36,7,0.032,219,4.7,2.9,5,179.58,133325,511481,18,1.67,NA,"Berkhout, Lelystad",0.94
1630327519_1_MM_S,Markermeer,HoornseHop,2021-08-30 14:27:19,7.09,0.03,233,4.9,2.5,5,219.81,133753,509031,14.3,1.76,NA,"Berkhout, Lelystad",0.94
1630328642_1_MM_S,Markermeer,HoornseHop,2021-08-30 14:46:02,6.93,0.031,225,4.2,2.6,5,174.56,134209,506483,15.1,1.46,NA,"Berkhout, Lelystad",0.94
1630329766_1_MM_S,Markermeer,HoornseHop,2021-08-30 15:04:46,8.14,0.033,248,4.8,2.9,5,194.58,134688,503901,17.9,1.74,NA,"Berkhout, Lelystad",0.94
1630330888_1_MM_S,Markermeer,HoornseHop,2021-08-30 15:23:28,7.04,0.033,215,3.8,3.4,5,126.49,135415,501408,21.6,0.64,NA,"Berkhout, Lelystad",0.94
1623221791_1_MM_S,Markermeer,MarkermeerMidden,2021-06-09 08:38:31,7.4,0.024,306,3.3,1.1,5,546.86,155169,505362,2.6,0.43,NA,"Berkhout, Lelystad",0.94
1623222913_1_MM_S,Markermeer,MarkermeerMidden,2021-06-09 08:57:13,7.88,0.022,365,3.1,1.1,5,495.73,152241,509501,2.7,0.41,NA,"Berkhout, Lelystad",0.94
1623224036_1_MM_S,Markermeer,MarkermeerMidden,2021-06-09 09:15:56,9.4,0.022,430,2.6,1.1,5,422.12,149724,514044,2,0.31,NA,"Berkhout, Lelystad",0.94
1623225658_1_MM_S,Markermeer,HoornseHop,2021-06-09 09:42:58,7.18,0.012,579,2,1,5,259.03,147366,520060,1.3,0.32,NA,"Berkhout, Lelystad",0.94
1623226780_1_MM_S,Markermeer,HoornseHop,2021-06-09 10:01:40,5.24,0.014,369,2,1,5,233.88,147091,520314,1.5,0.23,NA,"Berkhout, Lelystad",0.94
1623227903_1_MM_S,Markermeer,HoornseHop,2021-06-09 10:20:23,8.79,0.013,678,1.9,1,5,246.18,143782,517110,1.5,0.18,NA,"Berkhout, Lelystad",0.94
1623229025_1_MM_S,Markermeer,HoornseHop,2021-06-09 10:39:05,7.08,0.01,688,1.7,0.9,5,188.34,139521,514524,1,0.25,NA,"Berkhout, Lelystad",0.94
1623230123_1_MM_S,Markermeer,HoornseHop,2021-06-09 10:57:23,3.45,0.011,319,1.7,0.9,5,153.79,134546,514064,0.9,0.21,NA,"Berkhout, Lelystad",0.94
1623231263_1_MM_S,Markermeer,HoornseHop,2021-06-09 11:16:23,2.67,0.007,358,1.6,0.9,5,110.94,133023,514003,0.9,0.33,NA,"Berkhout, Lelystad",0.94
1623232435_1_MM_S,Markermeer,HoornseHop,2021-06-09 11:35:55,5.16,0.011,466,1.7,0.9,5,173.2,133031,513991,0.7,0.23,NA,"Berkhout, Lelystad",0.94
1623233476_1_MM_S,Markermeer,HoornseHop,2021-06-09 11:53:16,8.45,0.024,348,2.7,1.1,5,413.41,133615,510393,2.5,0.3,NA,"Berkhout, Lelystad",0.94
1623234648_1_MM_S,Markermeer,HoornseHop,2021-06-09 12:12:48,9.41,0.028,330,4.2,1.8,5,511.28,134498,505415,8.2,0.72,NA,"Berkhout, Lelystad",0.94
1623235771_1_MM_S,Markermeer,HoornseHop,2021-06-09 12:31:31,10.35,0.031,333,4.7,1.6,5,675.39,135253,500913,6.3,0.82,NA,"Berkhout, Lelystad",0.94
1623236894_1_MM_S,Markermeer,Gouwzee,2021-06-09 12:50:14,10.45,0.026,398,3.6,1.1,5,705.39,134413,497205,2.5,0.71,NA,"Berkhout, Lelystad",0.94
1623238017_1_MM_S,Markermeer,Gouwzee,2021-06-09 13:08:57,8.98,0.023,391,3.6,1.2,5,579.97,134403,497173,3.3,0.76,NA,"Berkhout, Lelystad",0.94
1623239140_1_MM_S,Markermeer,HoornseHop,2021-06-09 13:27:40,9.73,0.033,292,5.1,1.7,5,714.27,135912,500892,7.2,0.97,NA,"Berkhout, Lelystad",0.94
1623240262_1_MM_S,Markermeer,MarkermeerMidden,2021-06-09 13:46:22,9.53,0.03,322,4.5,1.4,5,725.09,140918,501402,5.2,0.66,NA,"Berkhout, Lelystad",0.94
1623241385_1_MM_S,Markermeer,MarkermeerMidden,2021-06-09 14:05:05,10.45,0.032,322,4.1,1.4,5,660.87,146191,501865,4.9,0.52,NA,"Berkhout, Lelystad",0.94
1623242508_1_MM_S,Markermeer,MarkermeerMidden,2021-06-09 14:23:48,9.02,0.023,385,3.1,1.3,5,481.97,151565,502124,3.7,0.41,NA,"Berkhout, Lelystad",0.94
1623243631_1_MM_S,Markermeer,MarkermeerMidden,2021-06-09 14:42:31,10.7,0.021,519,3.4,1.2,5,560.08,154659,502199,3.6,0.55,NA,"Berkhout, Lelystad",0.94
1623306858_1_MM_S,Markermeer,MarkermeerMidden,2021-06-10 08:16:18,6.33,0.023,271,2.7,1.1,5,395.41,156570,503590,2,0.51,NA,"Berkhout, Lelystad",0.94
1623307981_1_MM_S,Markermeer,Houtrib,2021-06-10 08:35:01,7.55,0.021,352,2.6,1.2,5,353.35,156640,508914,3.6,0.59,NA,"Berkhout, Lelystad",0.94
1623309103_1_MM_S,Markermeer,Houtrib,2021-06-10 08:53:43,7.62,0.025,299,3,2.2,5,249.88,156877,510210,11.7,0.66,NA,"Berkhout, Lelystad",0.94
1623310915_1_MM_S,Markermeer,Houtrib,2021-06-10 09:23:55,8.84,0.022,395,2.8,2,5,250.15,156891,510264,10.1,0.72,NA,"Berkhout, Lelystad",0.94
1623312091_1_MM_S,Markermeer,Houtrib,2021-06-10 09:43:31,7.87,0.022,351,2.5,1.2,5,338.99,154533,513606,3,0.4,NA,"Berkhout, Lelystad",0.94
1623313134_1_MM_S,Markermeer,MarkermeerMidden,2021-06-10 10:00:54,6.77,0.023,293,3.5,1.3,5,499.89,150755,510721,3.8,0.52,NA,"Berkhout, Lelystad",0.94
1623314308_1_MM_S,Markermeer,MarkermeerMidden,2021-06-10 10:20:28,8.42,0.031,272,3.4,1.2,5,541.34,146774,506985,3.5,0.48,NA,"Berkhout, Lelystad",0.94
1623315431_1_MM_S,Markermeer,MarkermeerMidden,2021-06-10 10:39:11,9.12,0.023,401,3.2,1.2,5,481.8,143917,504343,3.3,0.49,NA,"Berkhout, Lelystad",0.94
1623316553_1_MM_S,Markermeer,MarkermeerMidden,2021-06-10 10:57:53,11.63,0.023,503,3.2,1.2,5,523.87,143865,504292,3.1,0.77,NA,"Berkhout, Lelystad",0.94
1623317805_1_MM_S,Markermeer,MarkermeerMidden,2021-06-10 11:18:45,9.88,0.027,371,3,1.2,5,492,143865,504292,3.1,0.7,NA,"Berkhout, Lelystad",0.94
1623318928_1_MM_S,Markermeer,MarkermeerMidden,2021-06-10 11:37:28,9.06,0.022,413,3.6,1.4,5,521.34,148520,503729,5.1,0.64,NA,"Berkhout, Lelystad",0.94
1625727555_1_MM_S,Markermeer,MarkermeerMidden,2021-07-08 08:41:15,9.51,0.03,314,6.6,1.6,5,878.08,156886,503359,6.4,1.39,NA,"Berkhout, Lelystad",0.94
1625728678_1_MM_S,Markermeer,MarkermeerMidden,2021-07-08 08:59:58,8.1,0.032,249,4.8,1.5,5,623.52,156886,503359,6.1,1.02,NA,"Berkhout, Lelystad",0.94
1625729801_1_MM_S,Markermeer,MarkermeerMidden,2021-07-08 09:18:41,10.5,0.033,321,5.1,1.8,5,602.18,156886,503359,8.7,1.08,NA,"Berkhout, Lelystad",0.94
1625730924_1_MM_S,Markermeer,HoornseHop,2021-07-08 09:37:24,9.92,0.032,314,5,1.9,5,593.89,147200,520500,8.8,1.17,NA,"Berkhout, Lelystad",0.94
1625732046_1_MM_S,Markermeer,HoornseHop,2021-07-08 09:56:06,11.09,0.028,402,6.4,2.4,5,603.83,147200,520500,13.6,1.66,NA,"Berkhout, Lelystad",0.94
1625733169_1_MM_S,Markermeer,HoornseHop,2021-07-08 10:14:49,10.15,0.034,295,5.3,2.4,5,496.51,147200,520500,13.6,2.1,NA,"Berkhout, Lelystad",0.94
1625734292_1_MM_S,Markermeer,HoornseHop,2021-07-08 10:33:32,10.24,0.033,314,5.3,1.8,5,663.09,147200,520500,8.6,1.68,NA,"Berkhout, Lelystad",0.94
1625735415_1_MM_S,Markermeer,HoornseHop,2021-07-08 10:52:15,10.3,0.035,297,5.7,2.4,5,556.69,147200,520500,13.1,1.49,NA,"Berkhout, Lelystad",0.94
1625736539_1_MM_S,Markermeer,HoornseHop,2021-07-08 11:10:59,9.44,0.028,336,4.6,2.1,5,441.09,147200,520500,11,1.22,NA,"Berkhout, Lelystad",0.94
1625737662_1_MM_S,Markermeer,HoornseHop,2021-07-08 11:29:42,9.36,0.035,267,5.4,2,5,556.59,133000,514000,10.3,1.13,NA,"Berkhout, Lelystad",0.94
1625738901_1_MM_S,Markermeer,HoornseHop,2021-07-08 11:50:21,8.52,0.02,423,2.5,1,5,438.81,133000,514000,1.4,0.4,NA,"Berkhout, Lelystad",0.94
1625740024_1_MM_S,Markermeer,HoornseHop,2021-07-08 12:09:04,7.96,0.015,524,2,1,5,247.45,133000,514000,1.3,0.39,NA,"Berkhout, Lelystad",0.94
1625741082_1_MM_S,Markermeer,HoornseHop,2021-07-08 12:26:42,4.28,0.014,316,1.9,1,5,198.76,133000,514000,1.2,0.45,NA,"Berkhout, Lelystad",0.94
1625742264_1_MM_S,Markermeer,HoornseHop,2021-07-08 12:46:24,8.23,0.027,304,3.2,1.5,5,357.42,133000,514000,5.5,0.62,NA,"Berkhout, Lelystad",0.94
1625743387_1_MM_S,Markermeer,Gouwzee,2021-07-08 13:05:07,12.38,0.025,495,3.1,1.4,5,437.43,134500,497000,4.9,0.73,NA,"Berkhout, Lelystad",0.94
1625744509_1_MM_S,Markermeer,Gouwzee,2021-07-08 13:23:49,9.3,0.03,305,3.4,1.4,5,445.99,134500,497000,5.1,0.73,NA,"Berkhout, Lelystad",0.94
1625745632_1_MM_S,Markermeer,Gouwzee,2021-07-08 13:42:32,10.57,0.03,354,4.2,1.4,5,630.21,134500,497000,5.2,0.77,NA,"Berkhout, Lelystad",0.94
1625746755_1_MM_S,Markermeer,Gouwzee,2021-07-08 14:01:15,10.54,0.031,342,3.9,1.4,5,595.71,134500,497000,5.1,1.1,NA,"Berkhout, Lelystad",0.94
1625747878_1_MM_S,Markermeer,Gouwzee,2021-07-08 14:19:58,9.3,0.028,327,3.7,1.7,5,439.45,134500,497000,7.5,1.14,NA,"Berkhout, Lelystad",0.94
1625749001_1_MM_S,Markermeer,Gouwzee,2021-07-08 14:38:41,10.25,0.034,297,4.6,1.7,5,551.75,134500,497000,7.7,1.22,NA,"Berkhout, Lelystad",0.94
1625750124_1_MM_S,Markermeer,Gouwzee,2021-07-08 14:57:24,7.83,0.027,288,3.6,1.6,5,405.02,134500,497000,6.5,0.61,NA,"Berkhout, Lelystad",0.94
1625751247_1_MM_S,Markermeer,MarkermeerMidden,2021-07-08 15:16:07,10.49,0.031,336,5.2,2.3,5,493.66,152424,502003,12.3,1.57,NA,"Berkhout, Lelystad",0.94
1625752370_1_MM_S,Markermeer,MarkermeerMidden,2021-07-08 15:34:50,10.48,0.029,361,3.8,1.5,5,502.96,152424,502003,5.5,0.71,NA,"Berkhout, Lelystad",0.94
1625816935_1_MM_S,Markermeer,MarkermeerMidden,2021-07-09 09:30:55,8.46,0.031,276,3.9,1.4,5,579.29,156891,503777,4.7,1.05,NA,"Berkhout, Lelystad",0.94
1625818057_1_MM_S,Markermeer,Houtrib,2021-07-09 09:49:37,10.89,0.03,358,3.7,1.6,5,488.92,157005,508393,6.3,0.93,NA,"Berkhout, Lelystad",0.94
1625819180_1_MM_S,Markermeer,Houtrib,2021-07-09 10:08:20,8.39,0.025,341,4,1.8,5,411.11,157737,510359,8.2,1.42,NA,"Berkhout, Lelystad",0.94
1625820303_1_MM_S,Markermeer,Houtrib,2021-07-09 10:27:03,9.19,0.031,294,4,1.7,5,486.9,157500,510000,7.5,1.01,NA,"Berkhout, Lelystad",0.94
1625821426_1_MM_S,Markermeer,Houtrib,2021-07-09 10:45:46,7.78,0.024,330,4,1.7,5,423.32,157500,510000,7.5,1.01,NA,"Berkhout, Lelystad",0.94
1625822548_1_MM_S,Markermeer,Houtrib,2021-07-09 11:04:28,8.45,0.029,288,3.9,1.8,5,448.64,155787,513683,8.1,0.98,NA,"Berkhout, Lelystad",0.94
1625823730_1_MM_S,Markermeer,MarkermeerMidden,2021-07-09 11:24:10,7.92,0.023,350,2.8,1.5,5,313.29,152008,514058,6.2,0.61,NA,"Berkhout, Lelystad",0.94
1625824853_1_MM_S,Markermeer,MarkermeerMidden,2021-07-09 11:42:53,8.38,0.022,378,3,1.6,5,345.58,148927,510697,6.8,0.59,NA,"Berkhout, Lelystad",0.94
1625825904_1_MM_S,Markermeer,MarkermeerMidden,2021-07-09 12:00:24,6.61,0.024,277,3.1,1.5,5,330.7,146128,507288,6.1,0.63,NA,"Berkhout, Lelystad",0.94
1625827075_1_MM_S,Markermeer,MarkermeerMidden,2021-07-09 12:19:55,8.82,0.028,309,3.5,1.4,5,441.9,143537,504295,5.2,0.76,NA,"Berkhout, Lelystad",0.94
1625828198_1_MM_S,Markermeer,MarkermeerMidden,2021-07-09 12:38:38,8.97,0.032,279,3.6,1.4,5,490.32,143537,504295,5.2,0.76,NA,"Berkhout, Lelystad",0.94
1625829321_1_MM_S,Markermeer,MarkermeerMidden,2021-07-09 12:57:21,8.55,0.031,277,3.9,1.4,5,536.19,143571,504307,5.3,1.24,NA,"Berkhout, Lelystad",0.94
1625830444_1_MM_S,Markermeer,MarkermeerMidden,2021-07-09 13:16:04,11.44,0.025,449,3.5,1.5,5,454.3,146057,503958,5.8,0.71,NA,"Berkhout, Lelystad",0.94
1625831567_1_MM_S,Markermeer,MarkermeerMidden,2021-07-09 13:34:47,8.13,0.023,361,3.1,1.5,5,371.74,150776,503348,5.9,0.53,NA,"Berkhout, Lelystad",0.94
1625832690_1_MM_S,Markermeer,MarkermeerMidden,2021-07-09 13:53:30,9.12,0.033,276,3.8,1.4,5,574.97,155451,502739,4.6,0.78,NA,"Berkhout, Lelystad",0.94
1630651780_1_MM_S,Markermeer,MarkermeerMidden,2021-09-03 08:31:40,3.94,0.037,107,2.2,1.3,5,188.52,155824,504096,4,1.05,NA,"Berkhout, Lelystad",0.94
1630652985_1_MM_S,Markermeer,Houtrib,2021-09-03 08:51:45,3.15,0.033,94,1.7,1.2,5,134.2,157078,508176,3.2,0.78,NA,"Berkhout, Lelystad",0.94
1630653940_1_MM_S,Markermeer,Houtrib,2021-09-03 09:09:10,3.07,0.032,95,2,1.1,5,164.45,157767,510193,2.7,1.07,NA,"Berkhout, Lelystad",0.94
1630655165_1_MM_S,Markermeer,Houtrib,2021-09-03 09:28:05,4.39,0.034,127,1.9,1.2,5,172.08,157661,511594,2.9,0.88,NA,"Berkhout, Lelystad",0.94
1630656288_1_MM_S,Markermeer,Houtrib,2021-09-03 09:46:48,4.26,0.027,156,1.7,1.2,5,155.4,157441,512342,2.9,0.73,NA,"Berkhout, Lelystad",0.94
1630657411_1_MM_S,Markermeer,Houtrib,2021-09-03 10:05:31,5.54,0.028,201,1.6,1.1,5,156.8,154594,513934,2.2,0.46,NA,"Berkhout, Lelystad",0.94
1630658534_1_MM_S,Markermeer,MarkermeerMidden,2021-09-03 10:24:14,5.5,0.023,243,1.4,1.1,5,118.48,151014,511932,2.4,0.42,NA,"Berkhout, Lelystad",0.94
1630659536_1_MM_S,Markermeer,MarkermeerMidden,2021-09-03 10:42:26,6.14,0.019,330,1.3,1.1,5,113.62,147660,509886,2,0.39,NA,"Berkhout, Lelystad",0.94
1630660710_1_MM_S,Markermeer,MarkermeerMidden,2021-09-03 11:00:30,3,0.019,155,1.4,1.1,5,98.86,146946,509017,2.4,0.61,NA,"Berkhout, Lelystad",0.94
1630661714_1_MM_S,Markermeer,MarkermeerMidden,2021-09-03 11:18:44,6.82,0.019,359,1.3,1.1,5,123.36,146953,508999,2.2,0.4,NA,"Berkhout, Lelystad",0.94
1630662888_1_MM_S,Markermeer,MarkermeerMidden,2021-09-03 11:36:48,4.31,0.029,148,1.5,1.9,5,87.4,149707,506333,8.9,0.61,NA,"Berkhout, Lelystad",0.94
1630663974_1_MM_S,Markermeer,MarkermeerMidden,2021-09-03 11:54:54,3.47,0.03,116,1.8,1.2,5,147.44,152658,503663,3.3,0.54,NA,"Berkhout, Lelystad",0.94
1631776874_1_MM_S,Markermeer,MarkermeerMidden,2021-09-16 09:03:14,7.08,0.031,225,4.1,1.6,5,307.99,150714,504779,6.5,0.73,NA,"Berkhout, Lelystad",0.94
1631778451_1_MM_S,Markermeer,MarkermeerMidden,2021-09-16 09:29:31,7.07,0.029,240,4.6,1.3,5,425.64,149700,503623,4.4,0.8,NA,"Berkhout, Lelystad",0.94
1631779574_1_MM_S,Markermeer,MarkermeerMidden,2021-09-16 09:48:14,7.78,0.035,219,4.8,1.3,5,493.13,146985,501012,4.2,1.04,NA,"Berkhout, Lelystad",0.94
1631781045_1_MM_S,Markermeer,MarkermeerMidden,2021-09-16 10:12:45,7.91,0.03,259,4.8,1.3,5,480.05,146821,501196,4,0.93,NA,"Berkhout, Lelystad",0.94
1631782979_1_MM_S,Markermeer,MarkermeerMidden,2021-09-16 10:47:59,5.84,0.023,253,2.7,1,5,275.53,143460,504336,1.6,0.4,NA,"Berkhout, Lelystad",0.94
1631784801_1_MM_S,Markermeer,MarkermeerMidden,2021-09-16 11:15:21,8.67,0.027,324,3.2,1.1,5,341.16,139750,501441,2.6,0.54,NA,"Berkhout, Lelystad",0.94
1631786221_1_MM_S,Markermeer,MarkermeerMidden,2021-09-16 11:39:01,10.52,0.034,312,3.6,1.2,5,389.38,138914,501101,3,0.53,NA,"Berkhout, Lelystad",0.94
1631787343_1_MM_S,Markermeer,HoornseHop,2021-09-16 11:57:43,9.49,0.028,336,3.6,1.2,5,386.99,137402,505688,3.1,0.52,NA,"Berkhout, Lelystad",0.94
1631788466_1_MM_S,Markermeer,HoornseHop,2021-09-16 12:16:26,9.78,0.034,290,3.8,1.2,5,418.86,135908,510413,3.5,0.52,NA,"Berkhout, Lelystad",0.94
1631789589_1_MM_S,Markermeer,HoornseHop,2021-09-16 12:35:09,9.19,0.032,285,4,1.3,5,395.33,134996,512965,4.4,0.77,NA,"Berkhout, Lelystad",0.94
1631790712_1_MM_S,Markermeer,HoornseHop,2021-09-16 12:53:52,9.43,0.028,341,3.9,1.3,5,402.26,136562,513024,4.1,0.72,NA,"Berkhout, Lelystad",0.94
1631791835_1_MM_S,Markermeer,MarkermeerMidden,2021-09-16 13:12:35,8.64,0.026,335,3.3,1.1,5,357.56,141744,513199,2.5,0.57,NA,"Berkhout, Lelystad",0.94
1631792669_1_MM_S,Markermeer,MarkermeerMidden,2021-09-16 13:30:59,7.55,0.029,263,2.8,1,5,280.45,146834,513423,1.5,0.39,NA,"Berkhout, Lelystad",0.94
1631793843_1_MM_S,Markermeer,MarkermeerMidden,2021-09-16 13:46:03,8.04,0.024,337,4.2,1.2,5,443.12,151005,513560,3,0.82,NA,"Berkhout, Lelystad",0.94
1631794840_1_MM_S,Markermeer,Houtrib,2021-09-16 14:04:10,8.07,0.028,292,5.4,1.8,5,390.25,155940,513995,8.2,1.01,NA,"Berkhout, Lelystad",0.94
1631797215_1_MM_S,Markermeer,Houtrib,2021-09-16 14:45:15,9.39,0.031,304,4.9,1.1,5,585.9,157493,509864,2.3,1.27,NA,"Berkhout, Lelystad",0.94
1631798389_1_MM_S,Markermeer,MarkermeerMidden,2021-09-16 15:01:49,10.66,0.036,295,6.1,1.6,5,540.44,155929,506144,6.9,1.31,NA,"Berkhout, Lelystad",0.94
1631799512_1_MM_S,Markermeer,MarkermeerMidden,2021-09-16 15:20:32,12.38,0.036,343,6.2,2.2,5,461,154230,502006,11.3,1.29,NA,"Berkhout, Lelystad",0.94
1635317629_1_MM_S,Markermeer,MarkermeerMidden,2021-10-27 08:35:49,6.4,0.034,185,5.3,2.6,5,69.96,155498,505740,15.2,1.28,NA,"Berkhout, Lelystad",0.94
1635318752_1_MM_S,Markermeer,MarkermeerMidden,2021-10-27 08:54:32,6.45,0.034,192,6.1,2.2,5,95.76,152331,510075,11.4,1.46,NA,"Berkhout, Lelystad",0.94
1635319875_1_MM_S,Markermeer,MarkermeerMidden,2021-10-27 09:13:15,7.21,0.036,203,7,2.7,5,94.29,149794,514761,16,1.64,NA,"Berkhout, Lelystad",0.94
1635321050_1_MM_S,Markermeer,HoornseHop,2021-10-27 09:32:50,8.44,0.038,221,11.1,4.6,5,96.34,147548,519233,31.9,2.67,NA,"Berkhout, Lelystad",0.94
1635322174_1_MM_S,Markermeer,HoornseHop,2021-10-27 09:51:34,8.48,0.042,203,11.2,4.5,5,103.87,147102,520467,31.3,3.32,NA,"Berkhout, Lelystad",0.94
1635323297_1_MM_S,Markermeer,HoornseHop,2021-10-27 10:10:17,9.58,0.038,250,11,4.4,5,101.11,144505,517683,30.4,2.58,NA,"Berkhout, Lelystad",0.94
1635324420_1_MM_S,Markermeer,HoornseHop,2021-10-27 10:29:00,9.61,0.041,235,9.5,3.8,5,104.22,140344,515003,25.4,2.27,NA,"Berkhout, Lelystad",0.94
1635325543_1_MM_S,Markermeer,HoornseHop,2021-10-27 10:47:43,9.29,0.037,253,9.4,3.4,5,108.98,135492,514608,22.1,2.37,NA,"Berkhout, Lelystad",0.94
1635326666_1_MM_S,Markermeer,HoornseHop,2021-10-27 11:06:26,9.38,0.037,252,8,2.6,5,123.53,133125,514000,14.8,2.25,NA,"Berkhout, Lelystad",0.94
1635327790_1_MM_S,Markermeer,HoornseHop,2021-10-27 11:25:10,6.97,0.042,165,6.8,1.8,5,145.57,133613,511717,8.7,1.52,NA,"Berkhout, Lelystad",0.94
1635328962_1_MM_S,Markermeer,HoornseHop,2021-10-27 11:44:42,7.34,0.031,238,4,1.1,5,122.74,134805,506863,2,0.94,NA,"Berkhout, Lelystad",0.94
1635330135_1_MM_S,Markermeer,HoornseHop,2021-10-27 12:04:15,6.71,0.029,233,3.5,1.1,5,95.9,135236,502118,2.4,0.79,NA,"Berkhout, Lelystad",0.94
1635331258_1_MM_S,Markermeer,Gouwzee,2021-10-27 12:22:58,8.19,0.032,252,5,1.3,5,137.05,134431,497761,3.8,1.05,NA,"Berkhout, Lelystad",0.94
1635332659_1_MM_S,Markermeer,Gouwzee,2021-10-27 12:46:19,8.6,0.033,260,5.5,2,5,99.38,134469,497654,9.9,1.32,NA,"Berkhout, Lelystad",0.94
1635333831_1_MM_S,Markermeer,HoornseHop,2021-10-27 13:05:51,8.07,0.034,236,3.9,1.3,5,110.45,136515,501338,3.7,0.89,NA,"Berkhout, Lelystad",0.94
1635335405_1_MM_S,Markermeer,MarkermeerMidden,2021-10-27 13:32:05,8.51,0.04,215,5.7,2.9,5,77.38,143728,501795,17.9,1.44,NA,"Berkhout, Lelystad",0.94
1635336528_1_MM_S,Markermeer,MarkermeerMidden,2021-10-27 13:50:48,8.14,0.041,199,6,2.7,5,86.61,149071,502029,16.1,1.44,NA,"Berkhout, Lelystad",0.94
1635403509_1_MM_S,Markermeer,MarkermeerMidden,2021-10-28 08:27:09,7.8,0.041,189,5.5,2.2,5,228.64,156200,504091,11.5,1.43,NA,"Berkhout, Lelystad",0.94
1635404632_1_MM_S,Markermeer,Houtrib,2021-10-28 08:45:52,7.6,0.038,199,4.3,1.8,5,211.54,157068,509001,8.1,1.11,NA,"Berkhout, Lelystad",0.94
1635405755_1_MM_S,Markermeer,Houtrib,2021-10-28 09:04:35,9.12,0.037,248,4.3,1.7,5,237.08,157517,509995,7.6,1.6,NA,"Berkhout, Lelystad",0.94
1635406878_1_MM_S,Markermeer,Houtrib,2021-10-28 09:23:18,8.36,0.037,228,4.7,1.9,5,226.31,156933,512923,9.3,1.4,NA,"Berkhout, Lelystad",0.94
1635408001_1_MM_S,Markermeer,MarkermeerMidden,2021-10-28 09:42:01,8.53,0.04,215,4.9,2.1,5,217.5,152635,513055,11,1.38,NA,"Berkhout, Lelystad",0.94
1635409124_1_MM_S,Markermeer,MarkermeerMidden,2021-10-28 10:00:44,9.24,0.037,251,5.5,3.2,5,164.34,148889,509351,20,1.54,NA,"Berkhout, Lelystad",0.94
1635410246_1_MM_S,Markermeer,MarkermeerMidden,2021-10-28 10:19:26,9.24,0.036,258,5.4,2.6,5,199.52,145144,505797,15.1,1.53,NA,"Berkhout, Lelystad",0.94
1635411370_1_MM_S,Markermeer,MarkermeerMidden,2021-10-28 10:38:10,9.38,0.038,250,5,2.4,5,190.31,143767,504570,13.8,1.71,NA,"Berkhout, Lelystad",0.94
1635412493_1_MM_S,Markermeer,MarkermeerMidden,2021-10-28 10:56:53,9.28,0.04,231,4.9,2.5,5,189.81,143717,504565,13.9,1.77,NA,"Berkhout, Lelystad",0.94
1635413616_1_MM_S,Markermeer,MarkermeerMidden,2021-10-28 11:15:36,9.51,0.039,243,5.1,2.5,5,200.25,143723,504546,14.1,1.74,NA,"Berkhout, Lelystad",0.94
1635414739_1_MM_S,Markermeer,MarkermeerMidden,2021-10-28 11:34:19,9.3,0.038,243,5,2.4,5,205.78,143725,504544,13,1.73,NA,"Berkhout, Lelystad",0.94
1635415862_1_MM_S,Markermeer,MarkermeerMidden,2021-10-28 11:53:02,8.84,0.036,248,4.9,2.4,5,193.3,143725,504544,13,1.73,NA,"Berkhout, Lelystad",0.94
1635416985_1_MM_S,Markermeer,MarkermeerMidden,2021-10-28 12:11:45,9.08,0.038,238,5,2.4,5,201.63,143750,504588,13.3,1.72,NA,"Berkhout, Lelystad",0.94
1635418108_1_MM_S,Markermeer,MarkermeerMidden,2021-10-28 12:30:28,9.56,0.041,231,4.9,2.3,5,203.65,143762,504570,12.6,1.61,NA,"Berkhout, Lelystad",0.94
1635419231_1_MM_S,Markermeer,MarkermeerMidden,2021-10-28 12:49:11,9.29,0.039,239,4.9,2.4,5,202.19,143763,504572,13.1,1.72,NA,"Berkhout, Lelystad",0.94
1635420354_1_MM_S,Markermeer,MarkermeerMidden,2021-10-28 13:07:54,8.99,0.032,280,4.8,2.6,5,165.29,146657,503988,15,1.43,NA,"Berkhout, Lelystad",0.94
1637740800_1_MM_S,Markermeer,MarkermeerMidden,2021-11-24 08:42:00,5.79,0.035,163,4.3,1.4,5,80.14,156212,503502,4.6,1.09,NA,"Berkhout, Lelystad",0.94
1637741923_1_MM_S,Markermeer,Houtrib,2021-11-24 09:00:43,5.45,0.028,192,3.8,1.4,5,59.82,157083,508489,4.9,0.98,NA,"Berkhout, Lelystad",0.94
1637743045_1_MM_S,Markermeer,Houtrib,2021-11-24 09:19:25,5.33,0.037,145,3.9,1.6,5,60.63,156305,513281,6.7,1.02,NA,"Berkhout, Lelystad",0.94
1637744168_1_MM_S,Markermeer,MarkermeerMidden,2021-11-24 09:38:08,5.37,0.035,152,3.9,1.3,5,76.06,151486,514671,3.7,0.99,NA,"Berkhout, Lelystad",0.94
1637745899_1_MM_S,Markermeer,HoornseHop,2021-11-24 10:06:59,6.72,0.035,192,5.7,1.6,5,97.18,147069,519622,6.3,1.34,NA,"Berkhout, Lelystad",0.94
1637747022_1_MM_S,Markermeer,HoornseHop,2021-11-24 10:25:42,6.18,0.035,177,4.7,1.5,5,81.34,147203,520482,5.6,1.29,NA,"Berkhout, Lelystad",0.94
1637748145_1_MM_S,Markermeer,HoornseHop,2021-11-24 10:44:25,5.5,0.038,143,4.7,1.5,5,82.38,144759,517388,5.9,1.18,NA,"Berkhout, Lelystad",0.94
1637749268_1_MM_S,Markermeer,HoornseHop,2021-11-24 11:03:08,6.9,0.029,241,5.1,1.2,5,94.88,140777,514329,3.6,1.3,NA,"Berkhout, Lelystad",0.94
1637750391_1_MM_S,Markermeer,HoornseHop,2021-11-24 11:21:51,6.74,0.034,197,4.3,1.3,5,83.49,135699,514035,3.8,1.03,NA,"Berkhout, Lelystad",0.94
1637751514_1_MM_S,Markermeer,HoornseHop,2021-11-24 11:40:34,6.49,0.031,211,4.7,1.5,5,78.68,133080,514044,5.4,1.26,NA,"Berkhout, Lelystad",0.94
1637752637_1_MM_S,Markermeer,HoornseHop,2021-11-24 11:59:17,5.67,0.032,177,4,1.2,5,78.41,134120,511154,3.4,0.88,NA,"Berkhout, Lelystad",0.94
1637753760_1_MM_S,Markermeer,HoornseHop,2021-11-24 12:18:00,6.4,0.032,202,4.9,0.9,5,126.24,135877,506661,1.1,1.37,NA,"Berkhout, Lelystad",0.94
1637754883_1_MM_S,Markermeer,HoornseHop,2021-11-24 12:36:43,6.68,0.033,204,4.8,1.1,5,108.43,135881,502161,2.5,1.17,NA,"Berkhout, Lelystad",0.94
1637756005_1_MM_S,Markermeer,Gouwzee,2021-11-24 12:55:25,7.04,0.032,221,5.2,1.3,5,94.95,134456,498118,4.5,1.24,NA,"Berkhout, Lelystad",0.94
1637757128_1_MM_S,Markermeer,Gouwzee,2021-11-24 13:14:08,7.08,0.036,195,5.9,1.8,5,86.47,134469,497186,8.5,1.92,NA,"Berkhout, Lelystad",0.94
1637758252_1_MM_S,Markermeer,HoornseHop,2021-11-24 13:32:52,6.98,0.031,222,4.6,1.3,5,86.61,135088,500559,4.2,1.22,NA,"Berkhout, Lelystad",0.94
1637759374_1_MM_S,Markermeer,MarkermeerMidden,2021-11-24 13:51:34,7.62,0.033,229,4.6,1.4,5,81.22,139663,501015,5,1.18,NA,"Berkhout, Lelystad",0.94
1637760497_1_MM_S,Markermeer,MarkermeerMidden,2021-11-24 14:10:17,6.86,0.03,226,3.8,1.2,5,75.69,144820,501309,3.1,0.87,NA,"Berkhout, Lelystad",0.94
1637761621_1_MM_S,Markermeer,MarkermeerMidden,2021-11-24 14:29:01,6.74,0.037,184,4.6,1.5,5,81.84,150138,501696,6,1.13,NA,"Berkhout, Lelystad",0.94
1637762744_1_MM_S,Markermeer,MarkermeerMidden,2021-11-24 14:47:44,7.62,0.035,219,4.5,2,5,56.66,154219,501960,10.4,1.44,NA,"Berkhout, Lelystad",0.94
1637828274_1_MM_S,Markermeer,MarkermeerMidden,2021-11-25 08:59:54,5.85,0.035,165,3.5,1.3,5,92.43,156568,504496,3.8,1.05,NA,"Berkhout, Lelystad",0.94
1637828975_1_MM_S,Markermeer,Houtrib,2021-11-25 09:17:35,5.41,0.031,174,3.8,1.4,5,88.82,157179,508425,4.8,1.14,NA,"Berkhout, Lelystad",0.94
1637830097_1_MM_S,Markermeer,Houtrib,2021-11-25 09:30:17,7.03,0.034,208,4.4,2.6,5,58.43,157537,509873,15.4,1.22,NA,"Berkhout, Lelystad",0.94
1637831220_1_MM_S,Markermeer,Houtrib,2021-11-25 09:49:00,6.87,0.037,183,4.5,2.7,5,59.3,157487,510052,16.3,1.04,NA,"Berkhout, Lelystad",0.94
1637832343_1_MM_S,Markermeer,Houtrib,2021-11-25 10:07:43,7.59,0.038,199,5.7,1.8,5,121.28,156323,513959,8,1.59,NA,"Berkhout, Lelystad",0.94
1637833466_1_MM_S,Markermeer,MarkermeerMidden,2021-11-25 10:26:26,7.49,0.034,218,4.9,1.4,5,120.1,152511,512970,5.3,1.15,NA,"Berkhout, Lelystad",0.94
1637834589_1_MM_S,Markermeer,MarkermeerMidden,2021-11-25 10:45:09,7.86,0.037,209,5.2,1.7,5,111.6,149792,509788,7.8,1.38,NA,"Berkhout, Lelystad",0.94
1637835712_1_MM_S,Markermeer,MarkermeerMidden,2021-11-25 11:03:52,7.34,0.034,213,4.4,1.7,5,92.96,146553,507008,7.1,1.1,NA,"Berkhout, Lelystad",0.94
1637836835_1_MM_S,Markermeer,MarkermeerMidden,2021-11-25 11:22:35,8.08,0.035,232,4.3,1.4,5,110.83,143889,504631,4.8,1.08,NA,"Berkhout, Lelystad",0.94
1637838039_1_MM_S,Markermeer,MarkermeerMidden,2021-11-25 11:42:39,6.92,0.032,215,4,1.3,5,99.41,143602,504365,4.5,1.16,NA,"Berkhout, Lelystad",0.94
1637839292_1_MM_S,Markermeer,MarkermeerMidden,2021-11-25 12:03:32,7.65,0.035,215,4.5,1.5,5,105.06,148308,503731,5.9,1.18,NA,"Berkhout, Lelystad",0.94
1640159199_1_MM_S,Markermeer,MarkermeerMidden,2021-12-22 08:28:39,3.99,0.036,111,5,1.2,5,135.84,155716,504192,3,1.34,NA,"Berkhout, Lelystad",0.94
1640160322_1_MM_S,Markermeer,MarkermeerMidden,2021-12-22 08:47:22,3.56,0.032,109,4.3,1.2,5,104.86,152597,508067,3.1,1,NA,"Berkhout, Lelystad",0.94
1640161445_1_MM_S,Markermeer,MarkermeerMidden,2021-12-22 09:06:05,3.44,0.032,108,4.3,1.1,5,108.9,150113,512723,2.4,1.06,NA,"Berkhout, Lelystad",0.94
1640162568_1_MM_S,Markermeer,MarkermeerMidden,2021-12-22 09:24:48,3.15,0.035,90,3.7,1.2,5,79.06,148221,517333,3.5,0.98,NA,"Berkhout, Lelystad",0.94
1640163690_1_MM_S,Markermeer,HoornseHop,2021-12-22 09:43:30,4.24,0.036,117,5.6,2,5,86.8,147186,520481,10.4,1.7,NA,"Berkhout, Lelystad",0.94
1640164813_1_MM_S,Markermeer,HoornseHop,2021-12-22 10:02:13,4.21,0.034,124,4.6,1.7,5,85.08,146455,519755,7.7,1.18,NA,"Berkhout, Lelystad",0.94
1640165937_1_MM_S,Markermeer,HoornseHop,2021-12-22 10:20:57,4.1,0.031,134,4.5,1.7,5,82.49,142824,516758,7.1,1.21,NA,"Berkhout, Lelystad",0.94
1640167060_1_MM_S,Markermeer,HoornseHop,2021-12-22 10:39:40,4.35,0.034,128,5,1.7,5,94.41,138383,514685,7.2,1.46,NA,"Berkhout, Lelystad",0.94
1640168183_1_MM_S,Markermeer,HoornseHop,2021-12-22 10:58:23,3.36,0.031,106,4.3,1.9,5,64.87,133375,514158,9.1,1.3,NA,"Berkhout, Lelystad",0.94
1640169305_1_MM_S,Markermeer,HoornseHop,2021-12-22 11:17:05,3.21,0.032,101,4.4,2,5,62.06,133099,512998,10.1,1.35,NA,"Berkhout, Lelystad",0.94
1640170481_1_MM_S,Markermeer,HoornseHop,2021-12-22 11:36:41,2.63,0.024,107,2.9,1.3,5,51.4,134038,508225,4.1,0.79,NA,"Berkhout, Lelystad",0.94
1640171604_1_MM_S,Markermeer,HoornseHop,2021-12-22 11:55:24,2.85,0.022,127,2.7,1,5,58.1,135197,503766,1.7,0.77,NA,"Berkhout, Lelystad",0.94
1640172727_1_MM_S,Markermeer,Gouwzee,2021-12-22 12:14:07,3.18,0.025,124,3.6,1.4,5,67.43,134513,499661,5,0.99,NA,"Berkhout, Lelystad",0.94
1640173959_1_MM_S,Markermeer,Gouwzee,2021-12-22 12:34:39,3.5,0.037,94,4.7,2.5,5,57.99,134418,497207,14.4,1.72,NA,"Berkhout, Lelystad",0.94
1640175082_1_MM_S,Markermeer,Gouwzee,2021-12-22 12:53:22,4.25,0.03,140,3.4,1.8,5,57.82,134710,500123,8.2,1,NA,"Berkhout, Lelystad",0.94
1640176204_1_MM_S,Markermeer,MarkermeerMidden,2021-12-22 13:12:04,3.69,0.031,118,3.3,1.1,5,84.81,139191,501220,2.2,0.99,NA,"Berkhout, Lelystad",0.94
1640177380_1_MM_S,Markermeer,MarkermeerMidden,2021-12-22 13:31:40,3.27,0.025,130,2.9,1.2,5,61.94,144661,501767,3,0.84,NA,"Berkhout, Lelystad",0.94
1640178503_1_MM_S,Markermeer,MarkermeerMidden,2021-12-22 13:50:23,2.96,0.031,95,3.3,1.3,5,64.31,149949,501919,4.4,1.11,NA,"Berkhout, Lelystad",0.94
1640245768_1_MM_S,Markermeer,MarkermeerMidden,2021-12-23 08:31:28,3.18,0.031,104,3,1.4,5,21.49,155557,503931,5.2,0.95,NA,"Berkhout, Lelystad",0.94
1640246891_1_MM_S,Markermeer,Houtrib,2021-12-23 08:50:11,2.85,0.03,94,3.4,1.3,5,25.8,157238,508676,4.3,1.2,NA,"Berkhout, Lelystad",0.94
1640248013_1_MM_S,Markermeer,Houtrib,2021-12-23 09:08:53,2.62,0.027,96,3,1.2,5,21.77,157547,510048,3.6,1.26,NA,"Berkhout, Lelystad",0.94
1640249136_1_MM_S,Markermeer,Houtrib,2021-12-23 09:27:36,2.51,0.031,82,3.1,1.1,5,27.79,156730,513784,2.5,0.84,NA,"Berkhout, Lelystad",0.94
1640250259_1_MM_S,Markermeer,MarkermeerMidden,2021-12-23 09:46:19,3.21,0.033,97,4.9,2.2,5,24.63,152140,513536,11.5,1.62,NA,"Berkhout, Lelystad",0.94
1640251382_1_MM_S,Markermeer,MarkermeerMidden,2021-12-23 10:05:02,2.87,0.033,87,3.8,1.9,5,21.18,147845,510799,9,1.27,NA,"Berkhout, Lelystad",0.94
1640252505_1_MM_S,Markermeer,MarkermeerMidden,2021-12-23 10:23:45,2.65,0.027,96,2.9,1.5,5,17.64,144727,506922,5.5,0.99,NA,"Berkhout, Lelystad",0.94
1640253628_1_MM_S,Markermeer,MarkermeerMidden,2021-12-23 10:42:28,2.64,0.027,97,2.7,1.3,5,18.99,143565,504382,4.1,1.18,NA,"Berkhout, Lelystad",0.94
1640254750_1_MM_S,Markermeer,MarkermeerMidden,2021-12-23 11:01:10,2.91,0.025,116,2.8,1.4,5,17.11,143807,503404,5.2,0.96,NA,"Berkhout, Lelystad",0.94
1640255927_1_MM_S,Markermeer,MarkermeerMidden,2021-12-23 11:20:47,3.23,0.031,103,3.5,1.6,5,22.88,149099,502601,6.7,1.22,NA,"Berkhout, Lelystad",0.94
1640257050_1_MM_S,Markermeer,MarkermeerMidden,2021-12-23 11:39:30,2.97,0.029,103,2.9,1.4,5,20.29,154376,502644,4.9,1.06,NA,"Berkhout, Lelystad",0.94
